{
    "accuracy": 0.7584,
    "precision": 0.7877906976744186,
    "recall": 0.542,
    "f1_score": 0.6421800947867299,
    "roc_auc": 0.8306373333333333
}