{
    "accuracy": 0.9128,
    "precision": 0.9334811529933481,
    "recall": 0.842,
    "f1_score": 0.8853838065194533,
    "roc_auc": 0.9787573333333333
}